<?xml version="1.0" encoding="UTF-8" ?>
<!--
  ~ Licensed to the Apache Software Foundation (ASF) under one or more
  ~ contributor license agreements.  See the NOTICE file distributed with
  ~ this work for additional information regarding copyright ownership.
  ~ The ASF licenses this file to You under the Apache License, Version 2.0
  ~ (the "License"); you may not use this file except in compliance with
  ~ the License.  You may obtain a copy of the License at
  ~
  ~    http://www.apache.org/licenses/LICENSE-2.0
  ~
  ~ Unless required by applicable law or agreed to in writing, software
  ~ distributed under the License is distributed on an "AS IS" BASIS,
  ~ WITHOUT WARRANTIES OR CONDITIONS OF ANY KIND, either express or implied.
  ~ See the License for the specific language governing permissions and
  ~ limitations under the License.
  -->

<!DOCTYPE log4j:configuration SYSTEM "log4j.dtd">

<log4j:configuration>

  <appender name="FileRoll" class="org.apache.log4j.rolling.RollingFileAppender">
    <param name="file" value="${gobblin.logs.dir}/gobblin-current.log" />
    <param name="append" value="true" />
    <param name="encoding" value="UTF-8" />

    <rollingPolicy class="org.apache.log4j.rolling.TimeBasedRollingPolicy">
      <param name="FileNamePattern" value="${gobblin.logs.dir}/archive/gobblin.%d{yyyy-MM-dd}.log"/>
    </rollingPolicy>

    <layout class="org.apache.log4j.PatternLayout">
      <param name="ConversionPattern" value="%d{yyyy-MM-dd HH:mm:ss z} %-5p [%t] %C %X{tableName} %L - %m%n"/>
    </layout>
  </appender>

  <appender name="Console" class="org.apache.log4j.ConsoleAppender">
    <param name="encoding" value="UTF-8" />

    <layout class="org.apache.log4j.PatternLayout">
      <param name="ConversionPattern" value="%d{yyyy-MM-dd HH:mm:ss z} %-5p [%t] %C %X{tableName} %L - %m%n"/>
    </layout>
  </appender>

  <logger name="org.apache.gobblin.runtime" additivity="false">
    <level value="INFO"/>
    <appender-ref ref="FileRoll" />
  </logger>

  <logger name="org.apache.gobblin.runtime.mapreduce.CliMRJobLauncher" additivity="false">
    <level value="ERROR"/>
    <appender-ref ref="Console" />
  </logger>

  <root>
    <priority value ="INFO" />
    <appender-ref ref="FileRoll" />
  </root>

</log4j:configuration>
